"race","age","engnat","gender","hand","source","country","E1","E2","E3","E4","E5","E6","E7","E8","E9","E10","N1","N2","N3","N4","N5","N6","N7","N8","N9","N10","A1","A2","A3","A4","A5","A6","A7","A8","A9","A10","C1","C2","C3","C4","C5","C6","C7","C8","C9","C10","O1","O2","O3","O4","O5","O6","O7","O8","O9","O10"
3,19,2,2,1,1,"RO",2,5,2,4,3,4,3,4,4,5,5,4,4,2,4,5,5,5,4,5,2,5,4,4,3,5,3,4,4,3,3,3,4,5,1,4,5,4,2,3,4,3,5,2,4,2,5,2,5,5
3,19,2,3,1,5,"RO",1,5,2,5,1,4,1,5,1,5,2,4,2,3,2,2,5,5,2,3,2,2,3,4,4,3,5,2,4,3,2,1,3,3,1,1,5,4,1,3,3,2,5,3,3,1,4,3,4,3
3,23,2,1,1,1,"RO",3,2,4,3,4,2,2,4,4,4,2,3,4,2,1,2,5,4,3,5,4,4,4,2,3,4,3,2,2,2,4,2,5,2,1,5,2,2,4,4,5,1,4,1,4,2,5,5,5,5
3,23,2,1,1,1,"RO",2,4,3,4,1,3,1,2,5,5,3,2,4,3,2,3,5,4,4,3,4,4,5,2,4,3,5,3,2,2,4,2,4,1,2,4,3,3,4,4,3,1,4,1,4,2,4,4,4,2
3,21,2,2,1,2,"RO",3,3,4,3,5,2,4,3,2,3,4,3,4,3,2,2,1,2,3,3,1,4,2,4,2,4,1,4,4,5,5,2,4,1,4,1,5,2,3,4,4,2,4,2,3,1,5,4,5,3
3,49,2,1,1,1,"RO",1,4,1,4,3,2,2,5,4,5,4,2,4,2,4,3,3,4,4,3,1,5,1,5,2,4,3,4,4,4,3,3,4,3,2,3,2,3,3,2,4,4,4,3,4,2,4,2,5,4
3,25,2,1,1,1,"RO",4,4,4,2,2,5,4,5,4,4,2,4,4,3,1,2,1,1,1,4,2,3,1,5,1,3,2,5,4,3,1,3,5,1,3,2,5,3,1,3,4,1,5,1,4,1,4,4,5,4
3,18,2,1,1,1,"RO",1,3,2,5,2,1,1,5,1,5,2,3,5,3,1,1,3,3,5,3,4,5,5,3,1,5,1,3,5,1,4,5,5,1,3,1,5,1,5,5,4,1,5,1,4,1,3,5,5,4
3,16,2,2,1,1,"RO",1,5,1,4,1,5,1,5,1,5,5,2,5,5,4,5,2,3,4,5,4,1,3,5,3,4,3,4,1,2,2,3,3,3,3,2,4,3,4,2,4,4,2,4,1,5,3,3,5,2
3,17,2,1,1,1,"RO",1,4,3,4,2,5,1,4,2,5,2,3,4,2,5,5,4,4,4,4,2,5,1,4,2,5,2,4,3,4,3,4,3,2,3,5,4,2,1,4,4,3,5,1,4,1,3,2,5,4
3,18,2,2,1,1,"RO",3,1,3,5,2,2,4,5,1,2,2,5,4,3,1,1,1,1,1,2,2,4,4,5,1,3,2,4,4,3,5,1,2,1,4,2,3,3,3,5,4,1,3,5,4,2,4,3,5,4
3,31,2,2,1,1,"RO",3,2,3,2,2,3,3,4,2,4,4,4,5,4,2,2,2,2,3,2,3,5,2,3,2,2,2,4,4,4,4,5,5,2,4,1,4,2,4,4,4,1,5,1,3,1,4,2,5,4
3,18,2,2,1,2,"RO",2,4,4,2,4,1,4,5,2,4,4,5,4,4,2,4,2,4,4,4,4,5,2,5,1,4,1,5,5,3,2,2,4,2,4,4,4,4,2,2,5,1,5,1,4,1,5,2,4,4
3,16,2,2,1,2,"RO",3,2,2,3,4,2,3,4,3,4,4,3,5,4,4,3,4,3,3,4,3,5,1,2,3,2,2,3,4,3,2,4,4,4,1,4,5,4,1,4,4,3,3,4,3,3,5,3,5,3
3,19,2,1,1,1,"RO",1,5,2,5,1,4,1,5,1,5,1,5,3,1,1,2,5,5,4,5,3,3,5,2,3,4,4,4,5,5,1,3,1,5,1,5,3,2,1,2,4,1,5,2,5,1,4,3,5,4
3,22,2,1,1,1,"RO",3,2,4,2,5,1,4,2,5,2,2,4,2,3,1,2,4,4,4,4,2,2,4,4,4,2,2,4,4,5,5,3,4,4,2,2,4,2,2,4,5,1,5,1,5,1,5,5,5,5
3,32,2,1,1,1,"RO",3,1,5,1,5,1,5,2,5,1,2,3,3,3,1,1,1,1,1,2,2,1,1,5,1,4,1,5,5,5,5,4,5,2,2,5,1,3,2,3,5,1,5,1,4,5,5,4,4,5
3,26,2,2,1,1,"RO",2,1,5,5,5,2,5,4,2,2,5,1,5,2,5,5,5,5,4,5,1,5,2,5,2,5,1,4,5,4,5,3,4,2,2,1,5,3,2,4,5,2,5,2,4,1,5,4,5,5
3,15,2,1,1,2,"RO",2,4,3,4,5,4,2,5,1,5,4,4,5,3,2,3,5,1,2,2,5,3,5,4,1,5,1,3,5,3,2,5,4,3,2,4,5,4,2,2,5,3,5,5,4,1,5,3,5,4
3,53,2,1,1,1,"RO",3,3,4,2,3,3,3,4,5,4,1,3,3,2,2,2,1,1,2,1,1,4,1,4,2,4,2,4,4,3,5,1,4,1,4,1,5,1,5,5,4,2,3,2,3,3,4,3,3,3
3,27,2,1,1,1,"RO",2,3,1,4,2,3,3,5,2,4,4,2,4,2,5,4,4,4,4,4,2,3,3,4,2,3,2,5,2,2,2,1,5,2,3,1,4,1,3,5,4,2,4,2,5,2,4,4,4,5
3,24,2,2,1,1,"RO",4,1,5,1,5,1,5,1,5,1,3,3,4,4,3,4,2,2,1,1,1,5,2,4,2,4,2,4,5,5,4,5,4,5,2,5,4,4,1,4,5,1,5,1,4,1,5,5,5,4
3,18,2,1,1,1,"RO",5,1,5,1,5,1,5,1,5,2,2,5,2,5,2,3,5,5,3,2,3,4,3,3,3,2,3,3,3,5,4,5,3,3,1,3,3,3,1,5,5,1,5,1,5,1,5,3,4,5
13,18,2,1,1,1,"RO",3,5,2,5,2,4,1,4,1,5,2,4,2,2,4,2,3,2,1,3,5,5,4,1,5,2,5,2,1,4,4,1,5,2,5,2,5,3,5,4,4,3,5,1,3,1,5,4,5,4
3,45,2,2,1,1,"RO",3,2,5,3,5,1,4,3,3,2,3,3,3,3,3,3,1,2,3,2,2,4,2,5,1,2,1,3,5,4,4,3,3,3,3,5,1,3,2,3,5,1,5,1,3,1,5,5,4,4
3,19,2,2,1,1,"RO",5,1,4,1,5,1,4,5,2,2,5,4,5,4,4,5,5,5,1,3,5,5,2,3,5,5,2,3,4,5,3,5,3,3,3,5,5,3,1,3,5,1,5,2,3,1,4,5,5,4
3,15,1,1,1,1,"RO",1,4,2,3,1,3,1,4,4,5,4,4,4,1,2,4,4,4,5,5,2,5,3,3,2,4,2,3,1,1,3,2,2,3,2,3,4,3,2,3,3,2,4,1,3,2,5,3,5,3
3,28,2,1,2,1,"RO",3,3,3,3,3,2,2,3,4,4,2,3,4,2,3,2,1,2,2,2,2,3,3,4,3,2,2,3,5,4,4,4,5,2,2,2,3,3,4,4,4,1,5,1,5,1,5,4,5,5
13,27,2,2,1,3,"RO",4,4,3,3,2,1,3,2,5,3,1,3,4,3,3,1,2,2,2,2,4,4,1,2,2,4,2,5,5,3,2,4,3,3,4,3,5,4,3,5,3,1,4,2,4,2,3,3,5,4
3,23,2,2,1,2,"RO",3,2,3,4,2,2,2,4,2,5,3,4,3,3,4,2,3,4,2,4,4,4,1,4,3,5,2,3,4,4,3,4,3,4,2,4,1,3,1,2,3,4,4,3,3,2,3,3,4,3
3,26,2,2,1,1,"RO",4,3,3,3,2,2,2,2,4,3,4,2,4,2,3,3,2,2,3,2,1,4,3,4,2,3,2,4,5,5,2,4,4,3,2,5,4,1,4,4,3,2,3,4,3,3,4,1,5,3
3,27,2,2,1,5,"RO",3,1,4,4,4,2,4,5,4,4,4,3,5,1,3,4,1,4,4,3,2,5,2,5,1,5,2,4,5,4,4,1,5,1,4,1,5,3,5,5,5,1,4,1,3,1,5,3,5,4
3,29,2,1,1,1,"RO",3,2,5,2,5,1,5,5,5,2,1,4,3,1,1,2,2,1,2,1,2,5,1,4,2,4,1,3,5,4,4,3,4,2,3,1,3,3,5,4,5,1,5,2,4,1,5,3,4,5
3,17,2,2,2,3,"RO",1,4,4,3,1,2,2,5,1,5,5,2,5,4,4,3,4,3,4,5,1,5,1,5,1,5,1,5,5,5,3,2,5,3,2,4,3,3,3,3,5,2,5,2,4,1,4,4,5,5
3,15,2,2,1,1,"RO",2,4,3,4,3,1,2,4,2,5,3,5,2,3,4,2,3,4,3,4,4,5,4,1,4,2,1,4,2,4,5,4,5,3,1,4,1,3,1,3,4,1,5,2,4,1,5,4,4,5
3,22,2,2,1,5,"RO",5,2,5,2,5,2,5,2,5,5,4,2,3,4,3,2,4,3,5,4,4,4,3,3,3,2,2,3,5,5,5,2,3,2,3,2,5,2,5,5,2,2,5,2,4,2,3,3,5,4
3,22,2,1,1,1,"RO",3,2,2,4,3,4,2,1,1,5,2,4,3,4,4,1,2,1,1,4,4,4,1,4,1,5,1,5,5,4,3,4,2,2,3,4,4,4,1,5,5,1,5,1,4,1,4,4,5,4
3,18,2,2,1,5,"RO",1,3,5,4,4,3,3,3,3,4,4,5,5,2,4,2,5,5,2,4,1,5,1,5,1,2,2,5,5,5,3,5,4,4,3,4,2,4,3,3,5,1,5,1,5,1,5,4,4,5
3,32,2,1,1,1,"RO",1,5,1,5,1,1,1,5,1,4,5,3,5,5,5,4,5,5,4,5,2,4,4,4,3,5,3,4,5,4,3,5,5,3,1,5,5,3,4,4,3,3,5,3,5,1,4,2,5,5
3,32,2,2,1,2,"RO",2,4,2,4,2,4,2,5,2,5,4,2,4,4,3,4,4,4,4,4,1,4,1,4,2,5,4,4,4,4,2,5,4,4,2,5,3,3,2,4,3,1,2,1,2,4,5,2,4,2
3,16,2,2,1,1,"RO",2,3,3,3,4,4,3,3,3,4,4,3,3,3,4,3,4,2,2,3,4,3,2,3,2,3,3,3,5,4,3,2,4,2,3,4,4,2,1,4,3,2,4,3,4,2,4,3,4,4
3,22,2,1,1,1,"RO",2,3,2,5,3,3,2,5,4,5,4,3,5,3,4,4,3,4,3,4,4,2,3,4,4,4,3,4,4,4,4,2,4,4,3,4,4,3,3,2,3,2,5,4,3,4,4,4,4,4
3,34,2,1,1,1,"RO",1,5,4,3,2,4,2,3,4,4,4,4,4,3,4,4,2,2,4,2,3,4,2,4,3,4,3,3,3,3,4,3,5,2,4,2,5,2,5,5,4,2,4,2,5,4,4,4,5,5
3,20,2,2,1,1,"RO",4,3,2,4,3,3,1,4,2,3,5,3,5,2,4,5,4,2,4,4,2,4,2,3,2,5,4,3,3,4,1,5,1,3,1,5,4,4,1,2,3,2,5,1,4,2,3,3,1,3
3,17,2,2,1,1,"RO",3,4,2,4,2,3,2,3,3,3,5,2,5,5,4,3,5,5,4,5,2,4,3,3,3,5,2,3,2,3,3,4,4,5,3,4,3,3,4,4,3,4,2,4,3,5,3,3,4,3
3,17,2,2,1,1,"RO",4,1,4,3,4,2,4,2,4,3,3,3,4,3,3,2,3,3,3,3,2,4,3,4,1,3,2,3,4,3,4,4,4,3,3,4,4,3,2,3,4,3,2,3,4,2,3,3,3,4
3,17,2,2,1,5,"RO",1,4,4,3,3,3,2,4,3,3,3,3,5,3,3,4,4,4,3,2,4,5,1,4,2,3,2,4,4,3,3,4,4,4,2,2,3,4,2,2,2,3,3,2,3,4,3,1,4,2
3,17,2,2,1,1,"RO",5,4,5,4,3,2,4,1,4,2,3,3,4,4,4,2,2,2,4,4,5,5,1,5,2,5,1,4,5,4,5,1,4,2,5,3,2,4,4,5,5,4,3,3,3,4,3,1,3,3
3,37,2,1,1,1,"RO",2,1,5,3,3,1,4,2,4,2,4,3,2,1,2,1,1,1,1,1,4,2,1,2,2,2,2,2,2,2,2,5,2,5,1,5,2,3,2,2,3,1,2,1,4,4,5,4,4,4
3,36,1,1,1,1,"RO",3,2,4,2,4,2,3,4,4,3,4,3,4,2,3,3,2,2,3,2,1,5,2,5,1,2,1,4,5,5,4,5,4,1,4,2,4,1,4,5,4,1,4,1,4,1,5,4,4,5
3,36,2,2,1,1,"RO",5,1,3,1,5,1,5,1,4,2,4,2,4,1,1,1,1,2,4,2,4,3,1,2,2,1,1,3,4,4,4,4,4,2,2,4,3,2,3,4,5,2,5,1,4,1,5,3,4,4
3,37,2,2,1,1,"RO",3,4,4,3,4,3,3,2,4,3,2,5,3,2,3,1,2,2,1,2,2,5,1,4,1,3,2,3,5,4,4,4,4,4,4,3,3,1,5,4,5,1,4,1,4,1,5,3,4,4
3,36,2,2,2,1,"RO",4,1,5,2,4,2,5,1,5,4,2,4,2,1,1,1,2,1,1,5,2,4,1,4,2,1,1,3,3,4,5,1,5,1,5,2,5,1,4,5,4,3,4,3,5,1,5,4,3,5
3,37,2,1,1,1,"RO",3,2,5,3,5,3,4,3,5,2,1,5,3,3,3,4,3,3,2,1,3,4,1,4,2,4,2,4,4,5,4,3,4,2,4,1,5,1,5,4,5,2,4,4,4,1,4,2,4,5
3,46,2,2,1,1,"RO",5,1,5,3,4,2,3,2,4,3,3,2,3,2,2,3,3,3,4,2,1,5,1,4,1,5,2,3,4,3,3,1,4,2,3,1,2,4,4,4,4,4,3,4,3,2,3,2,3,3
3,25,2,1,1,1,"RO",5,1,3,3,5,1,5,1,5,2,3,3,5,1,3,3,5,5,3,5,3,4,3,4,4,2,3,3,4,5,4,2,4,2,1,3,5,3,1,5,5,1,5,1,5,1,5,5,5,5
3,28,2,1,1,5,"RO",3,3,4,2,3,2,3,2,4,4,3,2,3,2,2,3,3,3,3,2,3,3,2,4,2,4,2,4,4,3,4,3,4,2,4,1,5,3,4,5,3,2,3,2,4,1,4,3,4,4
3,30,2,1,1,1,"RO",3,3,4,3,3,3,3,3,2,4,2,5,4,2,2,2,2,2,1,2,2,3,2,5,2,5,2,4,4,4,3,2,4,2,3,2,5,4,5,5,3,2,3,2,3,2,4,2,4,3
3,26,2,2,1,2,"RO",1,4,2,4,2,4,2,4,2,5,3,3,4,2,4,2,4,4,4,4,4,3,1,3,3,4,3,4,2,2,1,4,4,2,2,2,4,3,4,4,3,2,3,2,2,2,4,3,4,3
3,16,2,2,1,1,"RO",3,3,3,4,2,2,4,5,1,5,1,5,2,5,3,2,5,5,2,5,2,3,4,5,1,1,3,4,5,4,2,5,5,5,3,4,4,4,3,3,4,2,5,1,4,1,5,5,4,5
3,18,2,2,1,1,"RO",2,3,1,3,2,4,4,2,2,5,5,2,5,2,5,4,5,2,2,5,3,5,4,2,2,5,1,4,5,1,1,5,5,3,2,1,4,2,3,4,2,4,4,3,3,1,3,1,5,3
3,35,2,1,1,5,"RO",4,3,5,3,4,1,4,3,5,4,1,5,2,3,1,1,1,1,1,3,1,4,2,4,2,3,2,4,4,4,4,4,5,2,4,4,2,3,4,3,4,1,5,1,5,1,5,4,5,5
3,15,2,2,1,1,"RO",3,3,4,4,3,2,4,4,4,3,4,4,4,3,2,2,5,4,3,3,2,5,1,5,2,5,2,4,4,5,3,4,3,3,2,4,3,3,3,3,4,2,5,2,4,1,4,3,5,4
3,15,2,2,1,1,"RO",4,1,4,1,5,1,5,1,5,2,2,5,2,2,2,2,4,4,2,2,5,5,1,5,1,4,2,5,5,5,5,3,4,3,4,2,4,1,2,5,5,1,5,1,5,1,5,4,3,5
3,18,2,1,1,2,"RO",2,3,2,4,2,3,2,5,2,5,5,3,5,4,4,4,3,4,3,3,3,3,3,3,3,3,4,4,3,2,2,4,3,4,1,5,1,5,2,3,4,1,5,1,3,1,4,3,5,4
3,21,2,2,1,5,"RO",1,5,1,5,2,2,1,5,1,5,4,2,4,2,5,4,4,4,3,4,3,4,2,4,2,3,2,3,5,2,2,5,2,4,1,5,1,4,1,2,5,1,4,1,4,1,5,5,5,5
3,18,1,1,1,5,"RO",2,5,2,4,2,3,2,5,2,5,4,3,5,4,4,5,3,3,3,3,3,3,3,3,3,3,4,5,3,2,2,4,3,4,1,4,1,5,1,2,4,1,5,1,3,1,4,3,5,4
3,15,2,2,1,1,"RO",2,1,5,3,3,2,2,5,5,5,2,5,5,3,4,4,3,2,4,3,5,5,3,5,1,5,2,4,5,5,3,2,5,4,3,5,3,3,1,5,2,3,5,2,4,3,4,2,4,4
3,22,2,1,1,1,"RO",1,5,2,4,2,5,2,5,2,5,4,3,5,4,4,4,4,2,3,4,1,4,1,4,3,4,3,3,4,3,3,2,4,2,3,2,5,3,3,5,3,3,3,4,3,3,5,2,5,3
3,30,2,2,1,1,"RO",3,2,3,2,4,2,3,2,4,2,4,2,5,3,3,5,4,3,4,2,3,4,2,3,3,5,3,2,4,3,4,3,5,2,2,2,4,2,4,2,4,2,4,3,4,2,4,4,4,3
3,43,2,1,1,1,"RO",2,2,1,4,2,3,2,5,4,4,4,4,5,4,5,4,4,3,4,4,4,1,3,3,5,4,5,1,5,2,3,1,3,3,1,1,5,3,4,3,3,4,5,3,4,1,2,3,5,3
3,23,2,2,1,1,"RO",3,3,4,4,3,2,3,2,3,3,5,2,5,5,4,4,5,5,5,4,2,4,4,5,1,4,2,4,4,5,3,4,5,5,2,4,3,1,4,4,3,4,5,2,4,2,3,3,5,4
3,25,2,1,1,1,"RO",1,5,1,5,1,5,1,5,1,5,5,2,4,2,1,5,3,3,4,4,4,1,1,2,1,2,1,2,4,1,4,4,2,2,5,4,2,3,3,1,2,1,5,1,4,1,5,2,5,4
3,23,1,1,1,1,"RO",2,4,2,4,2,4,2,4,2,4,2,4,3,2,2,3,3,2,2,2,3,2,3,2,4,3,4,3,3,3,3,2,4,2,4,2,4,3,3,4,3,3,3,3,3,2,4,2,4,3
3,36,2,2,1,1,"RO",3,1,4,3,5,1,4,4,4,3,4,3,4,3,3,4,5,4,4,3,4,5,2,5,1,5,1,4,5,4,4,5,5,3,4,4,4,4,3,5,4,1,5,1,5,1,5,4,5,5
3,24,2,2,1,1,"RO",2,3,3,4,3,1,1,5,2,3,5,1,5,1,3,5,5,4,5,5,1,5,1,5,1,5,2,5,4,5,5,2,5,2,1,1,3,3,5,4,4,2,5,2,4,1,4,3,5,4
3,20,2,2,1,1,"RO",1,3,2,4,2,2,1,4,4,5,5,2,5,5,4,5,5,5,5,4,2,4,1,4,2,5,2,4,4,4,4,4,4,4,4,3,4,2,4,3,4,2,5,3,4,1,4,3,5,4
3,21,2,1,1,1,"RO",1,4,2,5,2,4,1,5,1,5,4,3,3,1,2,2,3,3,3,4,1,2,1,4,3,4,4,2,2,2,3,1,5,4,3,2,5,3,2,3,4,1,5,1,2,1,3,1,5,3
3,26,2,1,1,1,"RO",3,5,5,2,5,1,3,3,5,5,1,3,3,2,1,1,1,1,1,1,1,5,3,5,1,5,1,3,5,5,4,2,5,1,5,1,3,3,2,5,4,2,5,2,4,1,5,3,5,5
3,25,2,1,1,1,"RO",3,4,2,3,2,4,1,5,2,5,3,2,3,2,2,2,5,5,4,4,1,4,1,5,1,5,2,4,5,5,4,3,3,2,3,2,5,3,5,3,5,1,5,1,3,1,5,4,5,4
3,17,2,2,1,5,"RO",1,5,3,5,2,4,1,5,2,5,2,5,3,3,2,3,1,1,1,2,2,3,1,4,3,4,3,1,5,3,3,2,4,2,5,2,3,4,1,2,3,4,4,1,3,1,4,1,5,3
3,26,2,1,1,1,"RO",1,3,2,5,4,1,1,5,1,4,5,1,5,2,5,5,3,4,5,4,4,2,4,3,3,3,4,4,3,3,3,2,5,4,2,4,4,3,3,4,3,2,4,3,4,3,4,3,5,4
3,29,2,1,1,1,"RO",2,4,4,4,4,3,3,4,2,5,1,3,3,2,1,3,1,1,3,1,4,3,1,5,2,2,3,4,3,5,4,4,4,2,3,4,5,4,4,4,4,2,1,3,4,1,4,2,4,3
3,27,2,2,1,1,"RO",3,3,3,3,4,2,2,5,2,5,4,4,4,3,4,4,4,4,4,2,4,4,2,4,2,4,2,4,4,4,3,4,4,4,3,2,4,2,2,4,4,4,4,3,3,2,4,4,4,4
3,23,2,1,1,1,"RO",4,3,4,1,5,2,5,1,4,4,1,4,2,4,2,2,3,1,2,1,5,5,4,4,3,1,1,4,4,3,2,4,2,3,2,5,2,3,4,3,5,1,5,1,3,1,5,5,5,5
3,28,1,1,1,1,"RO",4,1,5,2,5,1,5,1,5,2,4,5,3,2,2,2,1,1,2,1,1,5,1,4,2,4,1,4,4,4,4,2,5,1,3,2,5,3,4,3,4,1,5,1,4,1,5,4,5,5
3,26,2,1,1,1,"RO",1,2,4,3,5,2,2,5,1,2,5,2,5,1,5,5,3,4,5,5,1,5,4,5,3,5,1,5,5,5,2,3,3,2,3,2,5,2,3,2,5,2,5,1,5,1,5,5,5,5
3,36,2,1,1,1,"RO",4,3,3,3,4,2,4,3,4,3,2,3,1,1,5,2,4,3,2,4,1,5,1,5,1,3,1,5,5,2,3,3,5,2,4,2,5,4,3,5,4,1,4,1,5,1,5,3,5,5
3,28,2,2,2,1,"RO",2,5,1,5,2,2,2,5,1,5,5,3,5,4,4,4,4,5,3,5,3,2,1,2,4,5,4,5,2,3,2,3,1,1,3,2,5,5,1,5,3,2,4,2,4,4,5,3,4,4
3,19,2,1,1,1,"RO",1,5,3,3,4,5,1,5,3,5,4,2,4,4,4,4,2,4,4,5,4,1,1,4,5,4,5,4,4,3,3,4,4,3,3,4,4,3,3,4,2,5,3,4,3,3,3,3,5,3
3,14,2,2,1,1,"RO",1,4,1,4,2,3,1,5,1,5,4,2,4,2,4,4,5,5,5,5,2,4,2,4,2,2,2,3,4,3,3,1,4,2,2,4,4,3,5,4,4,2,5,3,5,1,5,3,5,5
3,23,2,2,1,1,"RO",4,3,2,4,2,4,1,4,3,5,4,4,4,4,3,3,3,4,4,2,3,3,1,4,1,5,2,5,4,4,5,1,5,2,5,1,5,2,4,4,4,2,5,2,4,1,4,2,5,4
3,34,2,2,1,1,"RO",3,1,4,2,5,1,5,2,5,2,5,3,5,3,3,3,3,3,3,3,2,5,2,4,2,3,1,2,5,4,2,4,5,4,3,4,3,3,3,3,4,2,5,2,4,1,4,4,4,4
3,18,2,1,1,1,"RO",1,2,3,5,2,5,1,4,3,5,3,3,5,5,4,3,4,5,4,5,5,4,3,4,2,3,1,3,3,3,3,4,4,4,5,5,5,5,5,5,2,5,5,5,4,1,4,1,5,5
3,27,2,2,1,1,"RO",4,2,5,3,5,1,5,4,4,1,1,4,2,1,1,1,1,1,1,1,4,4,1,5,2,5,2,4,5,5,3,2,5,1,5,1,5,1,4,5,3,1,5,1,4,1,5,1,4,4
3,17,2,2,1,1,"RO",2,2,3,3,3,4,2,1,4,4,5,4,4,3,5,5,4,3,5,2,3,4,4,4,1,4,2,4,3,3,3,2,3,5,4,4,3,5,1,2,2,2,3,5,4,1,4,3,4,4
3,17,2,1,2,1,"RO",3,3,3,3,2,3,2,3,4,3,3,3,4,3,3,3,4,4,3,3,2,4,2,3,3,3,3,3,4,4,3,3,3,3,3,3,3,3,2,4,3,3,5,2,5,2,3,3,4,5
3,50,2,2,1,1,"RO",2,5,4,4,3,1,3,4,4,4,3,4,4,3,2,2,3,2,2,2,4,3,1,4,2,1,2,4,5,2,4,2,5,2,4,2,4,2,3,4,5,1,5,1,4,1,5,2,3,4
3,18,2,2,1,1,"RO",3,3,4,3,3,2,3,4,4,5,4,4,5,5,3,4,5,1,2,1,2,3,1,3,3,4,3,2,3,3,5,1,5,2,4,1,5,1,4,3,4,1,4,4,4,1,5,4,4,4
3,19,2,1,1,1,"RO",2,3,3,5,1,2,1,4,3,4,3,5,2,3,4,1,5,4,2,3,3,4,2,3,3,2,2,3,4,3,3,2,4,3,3,3,2,3,4,3,4,2,5,2,5,1,4,4,5,4
13,15,2,2,1,1,"RO",1,3,3,4,4,3,2,5,2,5,3,3,4,1,3,3,3,3,4,1,3,3,1,3,3,4,4,3,3,2,3,2,5,2,2,4,3,3,1,2,4,3,4,3,3,1,4,2,3,3
3,21,2,1,1,1,"RO",1,5,2,3,2,4,2,2,1,4,5,3,5,4,5,5,5,3,5,3,3,3,4,1,4,2,4,2,1,3,4,2,5,2,4,1,5,3,4,4,2,2,4,1,3,3,4,1,5,3
3,18,2,1,1,1,"RO",1,4,3,4,3,4,2,4,4,4,3,4,4,3,2,4,4,4,4,4,3,3,2,2,4,2,4,2,2,3,4,2,4,2,4,2,4,2,4,4,3,2,2,2,4,4,4,3,3,2
3,19,2,2,1,1,"RO",4,4,3,4,2,3,3,5,2,4,2,2,2,4,2,4,4,4,4,4,3,4,2,4,2,4,2,5,3,5,3,4,4,4,2,4,2,3,2,3,3,2,4,2,3,2,2,3,4,3
3,15,2,1,2,1,"RO",1,4,2,3,2,4,1,2,4,5,5,2,5,1,4,3,3,3,3,3,5,2,2,3,5,5,3,2,4,3,3,4,3,3,3,2,3,3,3,3,2,3,4,3,3,4,3,4,3,3
3,25,2,1,1,1,"RO",3,3,4,5,4,2,1,3,5,5,2,3,5,4,2,2,2,2,3,4,4,3,1,2,3,4,4,2,3,5,5,1,5,3,3,2,2,3,4,5,5,2,5,1,5,1,4,5,5,5
3,28,2,2,1,1,"RO",2,5,4,3,3,4,4,5,1,5,3,3,4,3,4,5,5,4,4,3,4,4,2,4,2,3,1,3,5,4,4,3,4,2,3,2,5,3,4,4,3,2,4,1,3,3,4,2,5,3
3,21,2,1,1,1,"RO",3,2,5,4,5,2,5,4,5,1,1,5,5,3,5,4,2,2,2,5,2,5,1,5,1,5,2,5,5,5,3,1,4,2,4,5,5,2,5,5,5,4,5,1,4,1,5,4,5,5
13,16,2,2,1,1,"RO",5,1,4,2,3,1,3,3,4,5,4,3,4,3,4,4,3,2,3,3,3,4,3,3,2,3,2,3,3,3,2,3,5,2,3,3,4,3,3,3,3,2,4,2,3,1,4,2,4,3
3,24,2,2,1,1,"RO",3,2,3,3,5,2,3,2,4,2,4,2,5,2,3,4,2,2,4,2,1,3,3,5,2,3,2,3,4,4,4,4,5,2,2,4,4,1,4,5,5,2,3,1,4,3,5,5,4,5
3,17,2,2,1,1,"RO",4,1,4,3,3,1,2,2,4,3,2,4,4,1,4,3,5,5,4,5,2,5,3,2,4,3,3,1,4,5,3,1,5,2,2,1,1,1,4,4,4,2,5,4,5,1,5,4,5,5
3,25,2,2,1,1,"RO",4,5,3,5,2,3,5,5,2,5,5,1,5,5,4,3,3,3,5,5,5,4,1,5,3,5,2,2,3,3,5,5,5,3,2,2,4,1,4,5,5,4,3,1,3,3,4,3,5,4
3,28,2,1,1,1,"RO",1,3,2,2,2,3,2,4,2,4,2,5,5,4,2,2,3,2,1,4,4,4,3,5,3,4,4,4,5,4,3,5,5,4,3,1,5,3,4,4,5,4,5,3,4,1,5,4,5,5
3,15,2,2,1,1,"RO",5,3,5,2,5,3,5,2,5,4,2,4,5,3,4,1,3,3,1,1,5,4,3,5,1,5,1,1,5,1,3,4,4,3,1,4,3,1,1,1,3,1,5,1,3,1,5,2,5,5
3,21,2,2,1,1,"RO",1,5,1,4,1,5,2,5,1,5,2,3,5,4,3,4,1,1,4,1,4,1,3,3,3,1,5,3,1,1,2,1,4,1,2,1,4,4,1,3,4,5,5,5,1,1,4,1,4,3
3,26,2,1,1,1,"RO",3,4,4,1,3,1,2,3,5,2,4,4,4,3,1,3,3,1,1,3,2,5,1,4,1,5,1,4,3,4,5,5,5,3,5,4,3,3,4,5,4,2,5,1,5,1,5,1,4,4
3,31,2,2,1,5,"RO",4,2,4,2,4,2,4,3,5,2,5,2,5,3,5,5,3,2,5,4,5,5,1,5,1,5,1,4,5,4,2,3,5,2,3,2,4,3,3,4,3,2,3,3,3,2,4,3,5,3
3,25,2,2,1,1,"RO",2,4,3,4,3,3,2,4,3,4,3,3,4,4,3,2,3,2,3,4,2,4,1,4,2,4,2,4,5,4,3,3,4,2,3,2,3,2,4,4,3,2,4,2,3,2,4,3,5,4
3,33,2,2,1,2,"RO",2,3,2,3,2,3,2,4,2,5,2,4,2,3,3,1,3,2,4,2,5,3,4,1,5,3,3,2,1,3,3,5,3,3,3,5,1,3,2,3,5,1,5,1,4,1,4,5,5,5
3,28,2,2,1,1,"RO",3,2,4,5,4,1,4,4,4,4,3,2,4,3,4,5,4,2,3,4,4,5,2,4,3,4,3,4,4,3,3,4,4,5,4,4,3,4,5,5,4,5,4,4,4,1,5,4,5,5
3,26,2,1,1,1,"RO",4,5,4,4,3,2,2,5,3,4,2,3,2,4,2,1,4,4,1,1,2,4,1,4,4,3,2,3,4,4,5,3,4,2,4,2,4,1,4,3,3,2,4,2,4,2,4,2,4,4
3,23,2,1,1,2,"RO",2,3,3,3,2,2,2,4,4,4,4,3,4,3,2,2,2,2,2,2,1,3,1,5,1,5,2,2,5,5,5,1,5,1,5,1,5,1,5,5,4,1,5,1,4,1,5,4,5,3
3,25,2,1,1,5,"RO",4,2,5,3,5,2,5,3,4,3,2,5,2,4,2,2,2,2,2,4,2,5,1,4,1,4,1,4,4,4,4,3,3,3,3,3,4,2,3,3,4,3,4,3,4,2,5,3,4,4
3,36,2,1,1,2,"RO",1,4,3,4,2,3,2,4,2,4,3,3,4,3,4,3,3,3,3,3,3,3,2,2,2,2,4,3,2,3,3,4,4,1,2,4,3,3,3,3,5,2,4,2,4,2,3,4,4,3
3,39,2,2,1,2,"RO",3,3,5,2,4,2,3,2,2,3,1,3,4,3,1,1,2,1,1,3,1,5,1,5,1,5,1,4,5,5,3,1,5,1,3,2,3,1,4,3,5,1,5,1,4,1,5,3,5,5
3,20,2,2,1,1,"RO",3,3,4,2,3,1,2,3,4,4,5,4,5,4,1,1,1,1,1,4,1,5,1,5,1,5,1,5,5,5,2,5,5,1,2,5,1,3,1,1,4,1,5,1,3,1,4,3,5,3
3,46,2,1,1,1,"RO",1,5,3,4,4,4,1,1,3,5,2,4,3,4,2,2,4,3,2,2,4,3,1,2,3,3,5,2,3,3,4,4,4,2,4,1,5,3,5,4,4,1,5,1,4,1,4,5,5,4
3,20,2,2,2,1,"RO",4,1,3,2,4,1,4,5,5,4,3,2,4,4,2,4,4,4,4,2,4,2,2,2,4,3,4,2,2,2,3,4,3,2,2,5,2,3,3,3,4,1,5,1,5,1,5,4,4,5
3,23,2,1,1,2,"RO",3,1,2,2,4,2,3,2,4,3,4,2,4,4,4,3,3,3,4,3,1,5,2,5,1,5,1,4,4,4,3,1,4,1,4,1,5,1,5,5,4,2,5,2,4,1,3,4,4,3
13,16,2,1,1,1,"RO",1,4,2,5,1,3,1,4,3,5,3,3,5,4,5,5,2,2,4,5,2,2,4,3,2,3,2,2,3,3,3,2,5,4,1,5,2,2,1,3,3,2,4,2,3,4,4,3,5,3
3,26,1,1,1,1,"RO",1,4,2,4,4,2,3,5,1,2,4,1,4,3,2,4,4,3,4,2,4,3,4,1,4,2,3,2,4,3,5,1,5,3,1,2,4,2,2,4,3,1,5,1,5,1,5,2,3,5
5,14,2,2,1,1,"RO",2,1,5,2,5,2,3,1,5,5,3,2,4,5,3,5,5,5,5,3,1,5,2,5,1,3,1,3,5,3,3,3,1,1,4,2,4,1,2,1,5,2,3,4,3,2,4,4,5,4
3,28,2,2,1,2,"RO",3,3,4,2,3,1,2,3,3,3,3,4,4,3,2,3,2,2,3,2,2,4,1,4,1,3,2,3,4,3,4,5,4,1,4,4,4,1,4,4,4,1,4,1,4,1,5,3,5,4
3,23,2,1,1,2,"RO",2,3,2,3,1,2,2,3,2,4,1,4,2,3,2,2,4,3,2,2,2,2,1,4,3,4,2,2,3,3,3,4,4,3,1,1,3,4,3,3,2,2,3,1,3,2,3,2,4,3
3,33,2,2,1,2,"RO",4,2,5,2,5,2,4,3,4,4,1,5,2,2,4,1,1,1,2,2,1,5,1,5,1,2,1,4,5,4,5,5,5,3,2,5,2,3,4,4,5,1,5,1,5,1,5,2,5,5
